drugbank_id,drug_name,uniprot_id,target_symbol,affinity_kcal_mol,output_file,log_file
DB00740,Riluzole,P42858,HTT,-9.2,results/riluzole_HTT_docked.pdbqt,results/riluzole_HTT_log.txt
DB01043,Memantine,P42858,HTT,-8.7,results/memantine_HTT_docked.pdbqt,results/memantine_HTT_log.txt
DB00181,Baclofen,P42858,HTT,-8.1,results/baclofen_HTT_docked.pdbqt,results/baclofen_HTT_log.txt
DB01050,Ibuprofen,P42858,HTT,-6.3,results/ibuprofen_HTT_docked.pdbqt,results/ibuprofen_HTT_log.txt
DB00331,Metformin,P42858,HTT,-5.1,results/metformin_HTT_docked.pdbqt,results/metformin_HTT_log.txt
DB00203,Sildenafil,P42858,HTT,-7.8,results/sildenafil_HTT_docked.pdbqt,results/sildenafil_HTT_log.txt
DB01041,Thalidomide,P42858,HTT,-7.2,results/thalidomide_HTT_docked.pdbqt,results/thalidomide_HTT_log.txt
DB00350,Minoxidil,P42858,HTT,-5.9,results/minoxidil_HTT_docked.pdbqt,results/minoxidil_HTT_log.txt
DB00945,Aspirin,P42858,HTT,-5.5,results/aspirin_HTT_docked.pdbqt,results/aspirin_HTT_log.txt
DB00675,Tamoxifen,P42858,HTT,-8.4,results/tamoxifen_HTT_docked.pdbqt,results/tamoxifen_HTT_log.txt
DB00740,Riluzole,P23560,BDNF,-8.8,results/riluzole_BDNF_docked.pdbqt,results/riluzole_BDNF_log.txt
DB01043,Memantine,P23560,BDNF,-7.9,results/memantine_BDNF_docked.pdbqt,results/memantine_BDNF_log.txt
DB00181,Baclofen,P23560,BDNF,-7.5,results/baclofen_BDNF_docked.pdbqt,results/baclofen_BDNF_log.txt
DB01050,Ibuprofen,P23560,BDNF,-5.8,results/ibuprofen_BDNF_docked.pdbqt,results/ibuprofen_BDNF_log.txt
DB00331,Metformin,P23560,BDNF,-4.9,results/metformin_BDNF_docked.pdbqt,results/metformin_BDNF_log.txt
DB00203,Sildenafil,P23560,BDNF,-7.1,results/sildenafil_BDNF_docked.pdbqt,results/sildenafil_BDNF_log.txt
DB01041,Thalidomide,P23560,BDNF,-6.8,results/thalidomide_BDNF_docked.pdbqt,results/thalidomide_BDNF_log.txt
DB00350,Minoxidil,P23560,BDNF,-5.3,results/minoxidil_BDNF_docked.pdbqt,results/minoxidil_BDNF_log.txt
DB00945,Aspirin,P23560,BDNF,-5.0,results/aspirin_BDNF_docked.pdbqt,results/aspirin_BDNF_log.txt
DB00675,Tamoxifen,P23560,BDNF,-7.6,results/tamoxifen_BDNF_docked.pdbqt,results/tamoxifen_BDNF_log.txt
DB00740,Riluzole,P42261,GRIA1,-9.5,results/riluzole_GRIA1_docked.pdbqt,results/riluzole_GRIA1_log.txt
DB01043,Memantine,P42261,GRIA1,-9.1,results/memantine_GRIA1_docked.pdbqt,results/memantine_GRIA1_log.txt
DB00181,Baclofen,P42261,GRIA1,-8.6,results/baclofen_GRIA1_docked.pdbqt,results/baclofen_GRIA1_log.txt
DB01050,Ibuprofen,P42261,GRIA1,-6.1,results/ibuprofen_GRIA1_docked.pdbqt,results/ibuprofen_GRIA1_log.txt
DB00331,Metformin,P42261,GRIA1,-4.7,results/metformin_GRIA1_docked.pdbqt,results/metformin_GRIA1_log.txt
DB00203,Sildenafil,P42261,GRIA1,-7.4,results/sildenafil_GRIA1_docked.pdbqt,results/sildenafil_GRIA1_log.txt
DB01041,Thalidomide,P42261,GRIA1,-6.9,results/thalidomide_GRIA1_docked.pdbqt,results/thalidomide_GRIA1_log.txt
DB00350,Minoxidil,P42261,GRIA1,-5.6,results/minoxidil_GRIA1_docked.pdbqt,results/minoxidil_GRIA1_log.txt
DB00945,Aspirin,P42261,GRIA1,-5.2,results/aspirin_GRIA1_docked.pdbqt,results/aspirin_GRIA1_log.txt
DB00675,Tamoxifen,P42261,GRIA1,-8.0,results/tamoxifen_GRIA1_docked.pdbqt,results/tamoxifen_GRIA1_log.txt
DB00740,Riluzole,P04150,NR3C1,-8.5,results/riluzole_NR3C1_docked.pdbqt,results/riluzole_NR3C1_log.txt
DB01043,Memantine,P04150,NR3C1,-7.3,results/memantine_NR3C1_docked.pdbqt,results/memantine_NR3C1_log.txt
DB00181,Baclofen,P04150,NR3C1,-7.0,results/baclofen_NR3C1_docked.pdbqt,results/baclofen_NR3C1_log.txt
DB01050,Ibuprofen,P04150,NR3C1,-5.9,results/ibuprofen_NR3C1_docked.pdbqt,results/ibuprofen_NR3C1_log.txt
DB00331,Metformin,P04150,NR3C1,-4.5,results/metformin_NR3C1_docked.pdbqt,results/metformin_NR3C1_log.txt
DB00203,Sildenafil,P04150,NR3C1,-7.6,results/sildenafil_NR3C1_docked.pdbqt,results/sildenafil_NR3C1_log.txt
DB01041,Thalidomide,P04150,NR3C1,-6.5,results/thalidomide_NR3C1_docked.pdbqt,results/thalidomide_NR3C1_log.txt
DB00350,Minoxidil,P04150,NR3C1,-5.4,results/minoxidil_NR3C1_docked.pdbqt,results/minoxidil_NR3C1_log.txt
DB00945,Aspirin,P04150,NR3C1,-4.8,results/aspirin_NR3C1_docked.pdbqt,results/aspirin_NR3C1_log.txt
DB00675,Tamoxifen,P04150,NR3C1,-7.9,results/tamoxifen_NR3C1_docked.pdbqt,results/tamoxifen_NR3C1_log.txt
DB00740,Riluzole,P27361,MAPK3,-8.1,results/riluzole_MAPK3_docked.pdbqt,results/riluzole_MAPK3_log.txt
DB01043,Memantine,P27361,MAPK3,-7.0,results/memantine_MAPK3_docked.pdbqt,results/memantine_MAPK3_log.txt
DB00181,Baclofen,P27361,MAPK3,-6.7,results/baclofen_MAPK3_docked.pdbqt,results/baclofen_MAPK3_log.txt
DB01050,Ibuprofen,P27361,MAPK3,-5.5,results/ibuprofen_MAPK3_docked.pdbqt,results/ibuprofen_MAPK3_log.txt
DB00331,Metformin,P27361,MAPK3,-4.3,results/metformin_MAPK3_docked.pdbqt,results/metformin_MAPK3_log.txt
DB00203,Sildenafil,P27361,MAPK3,-7.2,results/sildenafil_MAPK3_docked.pdbqt,results/sildenafil_MAPK3_log.txt
DB01041,Thalidomide,P27361,MAPK3,-6.3,results/thalidomide_MAPK3_docked.pdbqt,results/thalidomide_MAPK3_log.txt
DB00350,Minoxidil,P27361,MAPK3,-5.1,results/minoxidil_MAPK3_docked.pdbqt,results/minoxidil_MAPK3_log.txt
DB00945,Aspirin,P27361,MAPK3,-4.6,results/aspirin_MAPK3_docked.pdbqt,results/aspirin_MAPK3_log.txt
DB00675,Tamoxifen,P27361,MAPK3,-7.5,results/tamoxifen_MAPK3_docked.pdbqt,results/tamoxifen_MAPK3_log.txt
DB01043,Memantine,P05067,APP,-10.2,results/memantine_APP_docked.pdbqt,results/memantine_APP_log.txt
DB00563,Methotrexate,P05067,APP,-8.1,results/methotrexate_APP_docked.pdbqt,results/methotrexate_APP_log.txt
DB00641,Simvastatin,P05067,APP,-7.8,results/simvastatin_APP_docked.pdbqt,results/simvastatin_APP_log.txt
DB00675,Tamoxifen,P05067,APP,-7.5,results/tamoxifen_APP_docked.pdbqt,results/tamoxifen_APP_log.txt
DB00203,Sildenafil,P05067,APP,-7.2,results/sildenafil_APP_docked.pdbqt,results/sildenafil_APP_log.txt
DB01050,Ibuprofen,P05067,APP,-6.5,results/ibuprofen_APP_docked.pdbqt,results/ibuprofen_APP_log.txt
DB00945,Aspirin,P05067,APP,-5.8,results/aspirin_APP_docked.pdbqt,results/aspirin_APP_log.txt
DB00331,Metformin,P05067,APP,-5.4,results/metformin_APP_docked.pdbqt,results/metformin_APP_log.txt
DB00564,Carbamazepine,P05067,APP,-6.8,results/carbamazepine_APP_docked.pdbqt,results/carbamazepine_APP_log.txt
DB00468,Quinine,P05067,APP,-6.1,results/quinine_APP_docked.pdbqt,results/quinine_APP_log.txt
DB01043,Memantine,P49768,PSEN1,-9.8,results/memantine_PSEN1_docked.pdbqt,results/memantine_PSEN1_log.txt
DB00563,Methotrexate,P49768,PSEN1,-7.9,results/methotrexate_PSEN1_docked.pdbqt,results/methotrexate_PSEN1_log.txt
DB00641,Simvastatin,P49768,PSEN1,-7.5,results/simvastatin_PSEN1_docked.pdbqt,results/simvastatin_PSEN1_log.txt
DB00675,Tamoxifen,P49768,PSEN1,-7.2,results/tamoxifen_PSEN1_docked.pdbqt,results/tamoxifen_PSEN1_log.txt
DB01050,Ibuprofen,P49768,PSEN1,-6.0,results/ibuprofen_PSEN1_docked.pdbqt,results/ibuprofen_PSEN1_log.txt
DB00331,Metformin,P49768,PSEN1,-5.2,results/metformin_PSEN1_docked.pdbqt,results/metformin_PSEN1_log.txt
DB00564,Carbamazepine,P49768,PSEN1,-6.5,results/carbamazepine_PSEN1_docked.pdbqt,results/carbamazepine_PSEN1_log.txt
DB00203,Sildenafil,P49768,PSEN1,-6.9,results/sildenafil_PSEN1_docked.pdbqt,results/sildenafil_PSEN1_log.txt
DB01043,Memantine,P10636,MAPT,-9.5,results/memantine_MAPT_docked.pdbqt,results/memantine_MAPT_log.txt
DB00563,Methotrexate,P10636,MAPT,-7.6,results/methotrexate_MAPT_docked.pdbqt,results/methotrexate_MAPT_log.txt
DB00641,Simvastatin,P10636,MAPT,-7.3,results/simvastatin_MAPT_docked.pdbqt,results/simvastatin_MAPT_log.txt
DB00675,Tamoxifen,P10636,MAPT,-7.0,results/tamoxifen_MAPT_docked.pdbqt,results/tamoxifen_MAPT_log.txt
DB01050,Ibuprofen,P10636,MAPT,-5.7,results/ibuprofen_MAPT_docked.pdbqt,results/ibuprofen_MAPT_log.txt
DB00945,Aspirin,P10636,MAPT,-5.2,results/aspirin_MAPT_docked.pdbqt,results/aspirin_MAPT_log.txt
DB00468,Quinine,P10636,MAPT,-5.9,results/quinine_MAPT_docked.pdbqt,results/quinine_MAPT_log.txt
DB00334,Olanzapine,P10636,MAPT,-6.3,results/olanzapine_MAPT_docked.pdbqt,results/olanzapine_MAPT_log.txt
DB01043,Memantine,P02649,APOE,-9.1,results/memantine_APOE_docked.pdbqt,results/memantine_APOE_log.txt
DB00641,Simvastatin,P02649,APOE,-8.5,results/simvastatin_APOE_docked.pdbqt,results/simvastatin_APOE_log.txt
DB00563,Methotrexate,P02649,APOE,-7.3,results/methotrexate_APOE_docked.pdbqt,results/methotrexate_APOE_log.txt
DB00675,Tamoxifen,P02649,APOE,-6.8,results/tamoxifen_APOE_docked.pdbqt,results/tamoxifen_APOE_log.txt
DB01050,Ibuprofen,P02649,APOE,-5.5,results/ibuprofen_APOE_docked.pdbqt,results/ibuprofen_APOE_log.txt
DB00331,Metformin,P02649,APOE,-5.0,results/metformin_APOE_docked.pdbqt,results/metformin_APOE_log.txt
DB01043,Memantine,P56817,BACE1,-9.3,results/memantine_BACE1_docked.pdbqt,results/memantine_BACE1_log.txt
DB00563,Methotrexate,P56817,BACE1,-7.7,results/methotrexate_BACE1_docked.pdbqt,results/methotrexate_BACE1_log.txt
DB00641,Simvastatin,P56817,BACE1,-7.1,results/simvastatin_BACE1_docked.pdbqt,results/simvastatin_BACE1_log.txt
DB00675,Tamoxifen,P56817,BACE1,-6.9,results/tamoxifen_BACE1_docked.pdbqt,results/tamoxifen_BACE1_log.txt
DB01050,Ibuprofen,P56817,BACE1,-5.3,results/ibuprofen_BACE1_docked.pdbqt,results/ibuprofen_BACE1_log.txt
DB00203,Sildenafil,P56817,BACE1,-6.5,results/sildenafil_BACE1_docked.pdbqt,results/sildenafil_BACE1_log.txt
DB01186,Pergolide,P37840,SNCA,-8.9,results/pergolide_SNCA_docked.pdbqt,results/pergolide_SNCA_log.txt
DB00203,Sildenafil,P37840,SNCA,-7.4,results/sildenafil_SNCA_docked.pdbqt,results/sildenafil_SNCA_log.txt
DB00563,Methotrexate,P37840,SNCA,-7.1,results/methotrexate_SNCA_docked.pdbqt,results/methotrexate_SNCA_log.txt
DB00350,Minoxidil,P37840,SNCA,-6.2,results/minoxidil_SNCA_docked.pdbqt,results/minoxidil_SNCA_log.txt
DB01050,Ibuprofen,P37840,SNCA,-5.8,results/ibuprofen_SNCA_docked.pdbqt,results/ibuprofen_SNCA_log.txt
DB00945,Aspirin,P37840,SNCA,-5.1,results/aspirin_SNCA_docked.pdbqt,results/aspirin_SNCA_log.txt
DB00331,Metformin,P37840,SNCA,-4.7,results/metformin_SNCA_docked.pdbqt,results/metformin_SNCA_log.txt
DB00181,Baclofen,P37840,SNCA,-6.5,results/baclofen_SNCA_docked.pdbqt,results/baclofen_SNCA_log.txt
DB00477,Chlorpromazine,P37840,SNCA,-5.4,results/chlorpromazine_SNCA_docked.pdbqt,results/chlorpromazine_SNCA_log.txt
DB01186,Pergolide,Q5S007,LRRK2,-9.3,results/pergolide_LRRK2_docked.pdbqt,results/pergolide_LRRK2_log.txt
DB00203,Sildenafil,Q5S007,LRRK2,-7.0,results/sildenafil_LRRK2_docked.pdbqt,results/sildenafil_LRRK2_log.txt
DB00563,Methotrexate,Q5S007,LRRK2,-6.8,results/methotrexate_LRRK2_docked.pdbqt,results/methotrexate_LRRK2_log.txt
DB00350,Minoxidil,Q5S007,LRRK2,-5.9,results/minoxidil_LRRK2_docked.pdbqt,results/minoxidil_LRRK2_log.txt
DB01050,Ibuprofen,Q5S007,LRRK2,-5.5,results/ibuprofen_LRRK2_docked.pdbqt,results/ibuprofen_LRRK2_log.txt
DB00945,Aspirin,Q5S007,LRRK2,-4.9,results/aspirin_LRRK2_docked.pdbqt,results/aspirin_LRRK2_log.txt
DB00181,Baclofen,Q5S007,LRRK2,-6.2,results/baclofen_LRRK2_docked.pdbqt,results/baclofen_LRRK2_log.txt
DB00675,Tamoxifen,Q5S007,LRRK2,-7.3,results/tamoxifen_LRRK2_docked.pdbqt,results/tamoxifen_LRRK2_log.txt
DB01186,Pergolide,Q99497,PARK7,-8.5,results/pergolide_PARK7_docked.pdbqt,results/pergolide_PARK7_log.txt
DB00203,Sildenafil,Q99497,PARK7,-6.8,results/sildenafil_PARK7_docked.pdbqt,results/sildenafil_PARK7_log.txt
DB00350,Minoxidil,Q99497,PARK7,-5.6,results/minoxidil_PARK7_docked.pdbqt,results/minoxidil_PARK7_log.txt
DB01050,Ibuprofen,Q99497,PARK7,-5.2,results/ibuprofen_PARK7_docked.pdbqt,results/ibuprofen_PARK7_log.txt
DB00331,Metformin,Q99497,PARK7,-4.5,results/metformin_PARK7_docked.pdbqt,results/metformin_PARK7_log.txt
DB00477,Chlorpromazine,Q99497,PARK7,-5.0,results/chlorpromazine_PARK7_docked.pdbqt,results/chlorpromazine_PARK7_log.txt
DB00181,Baclofen,Q99497,PARK7,-5.9,results/baclofen_PARK7_docked.pdbqt,results/baclofen_PARK7_log.txt
DB01186,Pergolide,Q9BXM7,PINK1,-8.2,results/pergolide_PINK1_docked.pdbqt,results/pergolide_PINK1_log.txt
DB00203,Sildenafil,Q9BXM7,PINK1,-6.5,results/sildenafil_PINK1_docked.pdbqt,results/sildenafil_PINK1_log.txt
DB00350,Minoxidil,Q9BXM7,PINK1,-5.3,results/minoxidil_PINK1_docked.pdbqt,results/minoxidil_PINK1_log.txt
DB01050,Ibuprofen,Q9BXM7,PINK1,-4.9,results/ibuprofen_PINK1_docked.pdbqt,results/ibuprofen_PINK1_log.txt
DB00331,Metformin,Q9BXM7,PINK1,-4.2,results/metformin_PINK1_docked.pdbqt,results/metformin_PINK1_log.txt
DB00675,Tamoxifen,Q9BXM7,PINK1,-6.8,results/tamoxifen_PINK1_docked.pdbqt,results/tamoxifen_PINK1_log.txt
DB00563,Methotrexate,Q9BXM7,PINK1,-6.3,results/methotrexate_PINK1_docked.pdbqt,results/methotrexate_PINK1_log.txt
DB00740,Riluzole,P00441,SOD1,-10.1,results/riluzole_SOD1_docked.pdbqt,results/riluzole_SOD1_log.txt
DB00563,Methotrexate,P00441,SOD1,-8.5,results/methotrexate_SOD1_docked.pdbqt,results/methotrexate_SOD1_log.txt
DB01043,Memantine,P00441,SOD1,-7.8,results/memantine_SOD1_docked.pdbqt,results/memantine_SOD1_log.txt
DB00641,Simvastatin,P00441,SOD1,-7.2,results/simvastatin_SOD1_docked.pdbqt,results/simvastatin_SOD1_log.txt
DB00203,Sildenafil,P00441,SOD1,-6.9,results/sildenafil_SOD1_docked.pdbqt,results/sildenafil_SOD1_log.txt
DB01050,Ibuprofen,P00441,SOD1,-5.6,results/ibuprofen_SOD1_docked.pdbqt,results/ibuprofen_SOD1_log.txt
DB00945,Aspirin,P00441,SOD1,-5.0,results/aspirin_SOD1_docked.pdbqt,results/aspirin_SOD1_log.txt
DB00181,Baclofen,P00441,SOD1,-6.3,results/baclofen_SOD1_docked.pdbqt,results/baclofen_SOD1_log.txt
DB00331,Metformin,P00441,SOD1,-4.5,results/metformin_SOD1_docked.pdbqt,results/metformin_SOD1_log.txt
DB00477,Chlorpromazine,P00441,SOD1,-5.3,results/chlorpromazine_SOD1_docked.pdbqt,results/chlorpromazine_SOD1_log.txt
DB00740,Riluzole,Q13148,TARDBP,-9.7,results/riluzole_TARDBP_docked.pdbqt,results/riluzole_TARDBP_log.txt
DB00563,Methotrexate,Q13148,TARDBP,-8.2,results/methotrexate_TARDBP_docked.pdbqt,results/methotrexate_TARDBP_log.txt
DB01043,Memantine,Q13148,TARDBP,-7.5,results/memantine_TARDBP_docked.pdbqt,results/memantine_TARDBP_log.txt
DB00641,Simvastatin,Q13148,TARDBP,-6.9,results/simvastatin_TARDBP_docked.pdbqt,results/simvastatin_TARDBP_log.txt
DB00203,Sildenafil,Q13148,TARDBP,-6.6,results/sildenafil_TARDBP_docked.pdbqt,results/sildenafil_TARDBP_log.txt
DB01050,Ibuprofen,Q13148,TARDBP,-5.3,results/ibuprofen_TARDBP_docked.pdbqt,results/ibuprofen_TARDBP_log.txt
DB00181,Baclofen,Q13148,TARDBP,-6.0,results/baclofen_TARDBP_docked.pdbqt,results/baclofen_TARDBP_log.txt
DB00350,Minoxidil,Q13148,TARDBP,-5.0,results/minoxidil_TARDBP_docked.pdbqt,results/minoxidil_TARDBP_log.txt
DB00740,Riluzole,P35637,FUS,-9.4,results/riluzole_FUS_docked.pdbqt,results/riluzole_FUS_log.txt
DB00563,Methotrexate,P35637,FUS,-7.9,results/methotrexate_FUS_docked.pdbqt,results/methotrexate_FUS_log.txt
DB01043,Memantine,P35637,FUS,-7.2,results/memantine_FUS_docked.pdbqt,results/memantine_FUS_log.txt
DB00203,Sildenafil,P35637,FUS,-6.4,results/sildenafil_FUS_docked.pdbqt,results/sildenafil_FUS_log.txt
DB01050,Ibuprofen,P35637,FUS,-5.1,results/ibuprofen_FUS_docked.pdbqt,results/ibuprofen_FUS_log.txt
DB00945,Aspirin,P35637,FUS,-4.7,results/aspirin_FUS_docked.pdbqt,results/aspirin_FUS_log.txt
DB00181,Baclofen,P35637,FUS,-5.7,results/baclofen_FUS_docked.pdbqt,results/baclofen_FUS_log.txt
DB00675,Tamoxifen,P35637,FUS,-6.8,results/tamoxifen_FUS_docked.pdbqt,results/tamoxifen_FUS_log.txt
DB00740,Riluzole,Q96LT7,C9orf72,-9.0,results/riluzole_C9orf72_docked.pdbqt,results/riluzole_C9orf72_log.txt
DB00563,Methotrexate,Q96LT7,C9orf72,-7.5,results/methotrexate_C9orf72_docked.pdbqt,results/methotrexate_C9orf72_log.txt
DB01043,Memantine,Q96LT7,C9orf72,-6.8,results/memantine_C9orf72_docked.pdbqt,results/memantine_C9orf72_log.txt
DB00641,Simvastatin,Q96LT7,C9orf72,-6.5,results/simvastatin_C9orf72_docked.pdbqt,results/simvastatin_C9orf72_log.txt
DB01050,Ibuprofen,Q96LT7,C9orf72,-4.8,results/ibuprofen_C9orf72_docked.pdbqt,results/ibuprofen_C9orf72_log.txt
DB00350,Minoxidil,Q96LT7,C9orf72,-4.4,results/minoxidil_C9orf72_docked.pdbqt,results/minoxidil_C9orf72_log.txt
DB00740,Riluzole,Q96CV9,OPTN,-8.7,results/riluzole_OPTN_docked.pdbqt,results/riluzole_OPTN_log.txt
DB00563,Methotrexate,Q96CV9,OPTN,-7.2,results/methotrexate_OPTN_docked.pdbqt,results/methotrexate_OPTN_log.txt
DB01043,Memantine,Q96CV9,OPTN,-6.5,results/memantine_OPTN_docked.pdbqt,results/memantine_OPTN_log.txt
DB00203,Sildenafil,Q96CV9,OPTN,-6.1,results/sildenafil_OPTN_docked.pdbqt,results/sildenafil_OPTN_log.txt
DB01050,Ibuprofen,Q96CV9,OPTN,-4.6,results/ibuprofen_OPTN_docked.pdbqt,results/ibuprofen_OPTN_log.txt
DB00945,Aspirin,Q96CV9,OPTN,-4.2,results/aspirin_OPTN_docked.pdbqt,results/aspirin_OPTN_log.txt
DB00563,Methotrexate,P01911,HLA-DRB1,-9.8,results/methotrexate_HLA-DRB1_docked.pdbqt,results/methotrexate_HLA-DRB1_log.txt
DB00641,Simvastatin,P01911,HLA-DRB1,-8.2,results/simvastatin_HLA-DRB1_docked.pdbqt,results/simvastatin_HLA-DRB1_log.txt
DB01041,Thalidomide,P01911,HLA-DRB1,-7.8,results/thalidomide_HLA-DRB1_docked.pdbqt,results/thalidomide_HLA-DRB1_log.txt
DB00203,Sildenafil,P01911,HLA-DRB1,-6.5,results/sildenafil_HLA-DRB1_docked.pdbqt,results/sildenafil_HLA-DRB1_log.txt
DB01050,Ibuprofen,P01911,HLA-DRB1,-6.1,results/ibuprofen_HLA-DRB1_docked.pdbqt,results/ibuprofen_HLA-DRB1_log.txt
DB00945,Aspirin,P01911,HLA-DRB1,-5.5,results/aspirin_HLA-DRB1_docked.pdbqt,results/aspirin_HLA-DRB1_log.txt
DB00181,Baclofen,P01911,HLA-DRB1,-5.8,results/baclofen_HLA-DRB1_docked.pdbqt,results/baclofen_HLA-DRB1_log.txt
DB00468,Quinine,P01911,HLA-DRB1,-5.2,results/quinine_HLA-DRB1_docked.pdbqt,results/quinine_HLA-DRB1_log.txt
DB00350,Minoxidil,P01911,HLA-DRB1,-4.8,results/minoxidil_HLA-DRB1_docked.pdbqt,results/minoxidil_HLA-DRB1_log.txt
DB00563,Methotrexate,P16871,IL7R,-9.5,results/methotrexate_IL7R_docked.pdbqt,results/methotrexate_IL7R_log.txt
DB00641,Simvastatin,P16871,IL7R,-7.9,results/simvastatin_IL7R_docked.pdbqt,results/simvastatin_IL7R_log.txt
DB01041,Thalidomide,P16871,IL7R,-7.5,results/thalidomide_IL7R_docked.pdbqt,results/thalidomide_IL7R_log.txt
DB00203,Sildenafil,P16871,IL7R,-6.2,results/sildenafil_IL7R_docked.pdbqt,results/sildenafil_IL7R_log.txt
DB01050,Ibuprofen,P16871,IL7R,-5.8,results/ibuprofen_IL7R_docked.pdbqt,results/ibuprofen_IL7R_log.txt
DB00181,Baclofen,P16871,IL7R,-5.5,results/baclofen_IL7R_docked.pdbqt,results/baclofen_IL7R_log.txt
DB00945,Aspirin,P16871,IL7R,-5.1,results/aspirin_IL7R_docked.pdbqt,results/aspirin_IL7R_log.txt
DB00563,Methotrexate,P25942,CD40,-9.2,results/methotrexate_CD40_docked.pdbqt,results/methotrexate_CD40_log.txt
DB00641,Simvastatin,P25942,CD40,-7.6,results/simvastatin_CD40_docked.pdbqt,results/simvastatin_CD40_log.txt
DB01041,Thalidomide,P25942,CD40,-7.2,results/thalidomide_CD40_docked.pdbqt,results/thalidomide_CD40_log.txt
DB00203,Sildenafil,P25942,CD40,-5.9,results/sildenafil_CD40_docked.pdbqt,results/sildenafil_CD40_log.txt
DB01050,Ibuprofen,P25942,CD40,-5.5,results/ibuprofen_CD40_docked.pdbqt,results/ibuprofen_CD40_log.txt
DB00350,Minoxidil,P25942,CD40,-4.7,results/minoxidil_CD40_docked.pdbqt,results/minoxidil_CD40_log.txt
DB00468,Quinine,P25942,CD40,-5.1,results/quinine_CD40_docked.pdbqt,results/quinine_CD40_log.txt
DB00563,Methotrexate,P19438,TNFRSF1A,-9.0,results/methotrexate_TNFRSF1A_docked.pdbqt,results/methotrexate_TNFRSF1A_log.txt
DB00641,Simvastatin,P19438,TNFRSF1A,-7.3,results/simvastatin_TNFRSF1A_docked.pdbqt,results/simvastatin_TNFRSF1A_log.txt
DB01041,Thalidomide,P19438,TNFRSF1A,-6.9,results/thalidomide_TNFRSF1A_docked.pdbqt,results/thalidomide_TNFRSF1A_log.txt
DB01050,Ibuprofen,P19438,TNFRSF1A,-5.2,results/ibuprofen_TNFRSF1A_docked.pdbqt,results/ibuprofen_TNFRSF1A_log.txt
DB00945,Aspirin,P19438,TNFRSF1A,-4.8,results/aspirin_TNFRSF1A_docked.pdbqt,results/aspirin_TNFRSF1A_log.txt
DB00181,Baclofen,P19438,TNFRSF1A,-5.4,results/baclofen_TNFRSF1A_docked.pdbqt,results/baclofen_TNFRSF1A_log.txt
DB00563,Methotrexate,P01589,IL2RA,-8.8,results/methotrexate_IL2RA_docked.pdbqt,results/methotrexate_IL2RA_log.txt
DB00641,Simvastatin,P01589,IL2RA,-7.1,results/simvastatin_IL2RA_docked.pdbqt,results/simvastatin_IL2RA_log.txt
DB01041,Thalidomide,P01589,IL2RA,-6.7,results/thalidomide_IL2RA_docked.pdbqt,results/thalidomide_IL2RA_log.txt
DB01050,Ibuprofen,P01589,IL2RA,-5.0,results/ibuprofen_IL2RA_docked.pdbqt,results/ibuprofen_IL2RA_log.txt
DB00350,Minoxidil,P01589,IL2RA,-4.5,results/minoxidil_IL2RA_docked.pdbqt,results/minoxidil_IL2RA_log.txt
DB01050,Ibuprofen,Q9HC29,NOD2,-8.8,results/ibuprofen_NOD2_docked.pdbqt,results/ibuprofen_NOD2_log.txt
DB00563,Methotrexate,Q9HC29,NOD2,-9.1,results/methotrexate_NOD2_docked.pdbqt,results/methotrexate_NOD2_log.txt
DB00945,Aspirin,Q9HC29,NOD2,-7.2,results/aspirin_NOD2_docked.pdbqt,results/aspirin_NOD2_log.txt
DB00641,Simvastatin,Q9HC29,NOD2,-7.5,results/simvastatin_NOD2_docked.pdbqt,results/simvastatin_NOD2_log.txt
DB00740,Riluzole,Q9HC29,NOD2,-6.8,results/riluzole_NOD2_docked.pdbqt,results/riluzole_NOD2_log.txt
DB01043,Memantine,Q9HC29,NOD2,-5.9,results/memantine_NOD2_docked.pdbqt,results/memantine_NOD2_log.txt
DB00468,Quinine,Q9HC29,NOD2,-6.3,results/quinine_NOD2_docked.pdbqt,results/quinine_NOD2_log.txt
DB00334,Olanzapine,Q9HC29,NOD2,-5.5,results/olanzapine_NOD2_docked.pdbqt,results/olanzapine_NOD2_log.txt
DB01050,Ibuprofen,Q676U5,ATG16L1,-8.5,results/ibuprofen_ATG16L1_docked.pdbqt,results/ibuprofen_ATG16L1_log.txt
DB00563,Methotrexate,Q676U5,ATG16L1,-8.8,results/methotrexate_ATG16L1_docked.pdbqt,results/methotrexate_ATG16L1_log.txt
DB00945,Aspirin,Q676U5,ATG16L1,-6.9,results/aspirin_ATG16L1_docked.pdbqt,results/aspirin_ATG16L1_log.txt
DB00641,Simvastatin,Q676U5,ATG16L1,-7.2,results/simvastatin_ATG16L1_docked.pdbqt,results/simvastatin_ATG16L1_log.txt
DB00740,Riluzole,Q676U5,ATG16L1,-6.5,results/riluzole_ATG16L1_docked.pdbqt,results/riluzole_ATG16L1_log.txt
DB01043,Memantine,Q676U5,ATG16L1,-5.7,results/memantine_ATG16L1_docked.pdbqt,results/memantine_ATG16L1_log.txt
DB00468,Quinine,Q676U5,ATG16L1,-6.0,results/quinine_ATG16L1_docked.pdbqt,results/quinine_ATG16L1_log.txt
DB01050,Ibuprofen,Q5VWK5,IL23R,-8.2,results/ibuprofen_IL23R_docked.pdbqt,results/ibuprofen_IL23R_log.txt
DB00563,Methotrexate,Q5VWK5,IL23R,-8.5,results/methotrexate_IL23R_docked.pdbqt,results/methotrexate_IL23R_log.txt
DB00945,Aspirin,Q5VWK5,IL23R,-6.7,results/aspirin_IL23R_docked.pdbqt,results/aspirin_IL23R_log.txt
DB00641,Simvastatin,Q5VWK5,IL23R,-7.0,results/simvastatin_IL23R_docked.pdbqt,results/simvastatin_IL23R_log.txt
DB00740,Riluzole,Q5VWK5,IL23R,-6.2,results/riluzole_IL23R_docked.pdbqt,results/riluzole_IL23R_log.txt
DB00350,Minoxidil,Q5VWK5,IL23R,-5.3,results/minoxidil_IL23R_docked.pdbqt,results/minoxidil_IL23R_log.txt
DB01050,Ibuprofen,A1A4Y4,IRGM,-7.9,results/ibuprofen_IRGM_docked.pdbqt,results/ibuprofen_IRGM_log.txt
DB00563,Methotrexate,A1A4Y4,IRGM,-8.2,results/methotrexate_IRGM_docked.pdbqt,results/methotrexate_IRGM_log.txt
DB00945,Aspirin,A1A4Y4,IRGM,-6.4,results/aspirin_IRGM_docked.pdbqt,results/aspirin_IRGM_log.txt
DB00641,Simvastatin,A1A4Y4,IRGM,-6.7,results/simvastatin_IRGM_docked.pdbqt,results/simvastatin_IRGM_log.txt
DB00350,Minoxidil,A1A4Y4,IRGM,-5.1,results/minoxidil_IRGM_docked.pdbqt,results/minoxidil_IRGM_log.txt
DB01050,Ibuprofen,P01375,TNF,-8.0,results/ibuprofen_TNF_docked.pdbqt,results/ibuprofen_TNF_log.txt
DB00563,Methotrexate,P01375,TNF,-8.7,results/methotrexate_TNF_docked.pdbqt,results/methotrexate_TNF_log.txt
DB00945,Aspirin,P01375,TNF,-6.8,results/aspirin_TNF_docked.pdbqt,results/aspirin_TNF_log.txt
DB00641,Simvastatin,P01375,TNF,-7.1,results/simvastatin_TNF_docked.pdbqt,results/simvastatin_TNF_log.txt
DB01041,Thalidomide,P01375,TNF,-7.5,results/thalidomide_TNF_docked.pdbqt,results/thalidomide_TNF_log.txt
DB00468,Quinine,P01375,TNF,-5.8,results/quinine_TNF_docked.pdbqt,results/quinine_TNF_log.txt
DB00334,Olanzapine,P01375,TNF,-5.3,results/olanzapine_TNF_docked.pdbqt,results/olanzapine_TNF_log.txt
DB00563,Methotrexate,Q9NSU2,TREX1,-9.6,results/methotrexate_TREX1_docked.pdbqt,results/methotrexate_TREX1_log.txt
DB01050,Ibuprofen,Q9NSU2,TREX1,-7.1,results/ibuprofen_TREX1_docked.pdbqt,results/ibuprofen_TREX1_log.txt
DB00468,Quinine,Q9NSU2,TREX1,-6.8,results/quinine_TREX1_docked.pdbqt,results/quinine_TREX1_log.txt
DB00641,Simvastatin,Q9NSU2,TREX1,-7.4,results/simvastatin_TREX1_docked.pdbqt,results/simvastatin_TREX1_log.txt
DB00945,Aspirin,Q9NSU2,TREX1,-5.5,results/aspirin_TREX1_docked.pdbqt,results/aspirin_TREX1_log.txt
DB01041,Thalidomide,Q9NSU2,TREX1,-6.3,results/thalidomide_TREX1_docked.pdbqt,results/thalidomide_TREX1_log.txt
DB00350,Minoxidil,Q9NSU2,TREX1,-5.0,results/minoxidil_TREX1_docked.pdbqt,results/minoxidil_TREX1_log.txt
DB00675,Tamoxifen,Q9NSU2,TREX1,-7.7,results/tamoxifen_TREX1_docked.pdbqt,results/tamoxifen_TREX1_log.txt
DB00563,Methotrexate,P21580,TNFAIP3,-9.3,results/methotrexate_TNFAIP3_docked.pdbqt,results/methotrexate_TNFAIP3_log.txt
DB01050,Ibuprofen,P21580,TNFAIP3,-6.8,results/ibuprofen_TNFAIP3_docked.pdbqt,results/ibuprofen_TNFAIP3_log.txt
DB00468,Quinine,P21580,TNFAIP3,-6.5,results/quinine_TNFAIP3_docked.pdbqt,results/quinine_TNFAIP3_log.txt
DB00641,Simvastatin,P21580,TNFAIP3,-7.1,results/simvastatin_TNFAIP3_docked.pdbqt,results/simvastatin_TNFAIP3_log.txt
DB00945,Aspirin,P21580,TNFAIP3,-5.2,results/aspirin_TNFAIP3_docked.pdbqt,results/aspirin_TNFAIP3_log.txt
DB01041,Thalidomide,P21580,TNFAIP3,-6.0,results/thalidomide_TNFAIP3_docked.pdbqt,results/thalidomide_TNFAIP3_log.txt
DB00675,Tamoxifen,P21580,TNFAIP3,-7.4,results/tamoxifen_TNFAIP3_docked.pdbqt,results/tamoxifen_TNFAIP3_log.txt
DB00563,Methotrexate,Q13568,IRF5,-9.0,results/methotrexate_IRF5_docked.pdbqt,results/methotrexate_IRF5_log.txt
DB01050,Ibuprofen,Q13568,IRF5,-6.5,results/ibuprofen_IRF5_docked.pdbqt,results/ibuprofen_IRF5_log.txt
DB00468,Quinine,Q13568,IRF5,-6.2,results/quinine_IRF5_docked.pdbqt,results/quinine_IRF5_log.txt
DB00641,Simvastatin,Q13568,IRF5,-6.8,results/simvastatin_IRF5_docked.pdbqt,results/simvastatin_IRF5_log.txt
DB00945,Aspirin,Q13568,IRF5,-4.9,results/aspirin_IRF5_docked.pdbqt,results/aspirin_IRF5_log.txt
DB00675,Tamoxifen,Q13568,IRF5,-7.1,results/tamoxifen_IRF5_docked.pdbqt,results/tamoxifen_IRF5_log.txt
DB00350,Minoxidil,Q13568,IRF5,-4.6,results/minoxidil_IRF5_docked.pdbqt,results/minoxidil_IRF5_log.txt
DB00563,Methotrexate,Q14765,STAT4,-8.7,results/methotrexate_STAT4_docked.pdbqt,results/methotrexate_STAT4_log.txt
DB01050,Ibuprofen,Q14765,STAT4,-6.2,results/ibuprofen_STAT4_docked.pdbqt,results/ibuprofen_STAT4_log.txt
DB00468,Quinine,Q14765,STAT4,-5.9,results/quinine_STAT4_docked.pdbqt,results/quinine_STAT4_log.txt
DB00641,Simvastatin,Q14765,STAT4,-6.5,results/simvastatin_STAT4_docked.pdbqt,results/simvastatin_STAT4_log.txt
DB00675,Tamoxifen,Q14765,STAT4,-6.8,results/tamoxifen_STAT4_docked.pdbqt,results/tamoxifen_STAT4_log.txt
DB00563,Methotrexate,P51451,BLK,-8.4,results/methotrexate_BLK_docked.pdbqt,results/methotrexate_BLK_log.txt
DB01050,Ibuprofen,P51451,BLK,-5.9,results/ibuprofen_BLK_docked.pdbqt,results/ibuprofen_BLK_log.txt
DB00641,Simvastatin,P51451,BLK,-6.2,results/simvastatin_BLK_docked.pdbqt,results/simvastatin_BLK_log.txt
DB00675,Tamoxifen,P51451,BLK,-6.5,results/tamoxifen_BLK_docked.pdbqt,results/tamoxifen_BLK_log.txt
DB00945,Aspirin,P51451,BLK,-4.6,results/aspirin_BLK_docked.pdbqt,results/aspirin_BLK_log.txt
DB00675,Tamoxifen,P13569,CFTR,-9.5,results/tamoxifen_CFTR_docked.pdbqt,results/tamoxifen_CFTR_log.txt
DB00563,Methotrexate,P13569,CFTR,-7.8,results/methotrexate_CFTR_docked.pdbqt,results/methotrexate_CFTR_log.txt
DB01041,Thalidomide,P13569,CFTR,-8.2,results/thalidomide_CFTR_docked.pdbqt,results/thalidomide_CFTR_log.txt
DB00641,Simvastatin,P13569,CFTR,-7.1,results/simvastatin_CFTR_docked.pdbqt,results/simvastatin_CFTR_log.txt
DB01050,Ibuprofen,P13569,CFTR,-6.4,results/ibuprofen_CFTR_docked.pdbqt,results/ibuprofen_CFTR_log.txt
DB00945,Aspirin,P13569,CFTR,-5.7,results/aspirin_CFTR_docked.pdbqt,results/aspirin_CFTR_log.txt
DB00564,Carbamazepine,P13569,CFTR,-6.8,results/carbamazepine_CFTR_docked.pdbqt,results/carbamazepine_CFTR_log.txt
DB00331,Metformin,P13569,CFTR,-5.0,results/metformin_CFTR_docked.pdbqt,results/metformin_CFTR_log.txt
DB00468,Quinine,P13569,CFTR,-5.9,results/quinine_CFTR_docked.pdbqt,results/quinine_CFTR_log.txt
DB00675,Tamoxifen,P37088,SCNN1A,-9.0,results/tamoxifen_SCNN1A_docked.pdbqt,results/tamoxifen_SCNN1A_log.txt
DB00563,Methotrexate,P37088,SCNN1A,-7.5,results/methotrexate_SCNN1A_docked.pdbqt,results/methotrexate_SCNN1A_log.txt
DB01041,Thalidomide,P37088,SCNN1A,-7.8,results/thalidomide_SCNN1A_docked.pdbqt,results/thalidomide_SCNN1A_log.txt
DB00641,Simvastatin,P37088,SCNN1A,-6.8,results/simvastatin_SCNN1A_docked.pdbqt,results/simvastatin_SCNN1A_log.txt
DB01050,Ibuprofen,P37088,SCNN1A,-6.1,results/ibuprofen_SCNN1A_docked.pdbqt,results/ibuprofen_SCNN1A_log.txt
DB00564,Carbamazepine,P37088,SCNN1A,-6.5,results/carbamazepine_SCNN1A_docked.pdbqt,results/carbamazepine_SCNN1A_log.txt
DB00331,Metformin,P37088,SCNN1A,-4.8,results/metformin_SCNN1A_docked.pdbqt,results/metformin_SCNN1A_log.txt
DB00675,Tamoxifen,Q7LBE3,SLC26A9,-8.6,results/tamoxifen_SLC26A9_docked.pdbqt,results/tamoxifen_SLC26A9_log.txt
DB00563,Methotrexate,Q7LBE3,SLC26A9,-7.2,results/methotrexate_SLC26A9_docked.pdbqt,results/methotrexate_SLC26A9_log.txt
DB01041,Thalidomide,Q7LBE3,SLC26A9,-7.4,results/thalidomide_SLC26A9_docked.pdbqt,results/thalidomide_SLC26A9_log.txt
DB00641,Simvastatin,Q7LBE3,SLC26A9,-6.5,results/simvastatin_SLC26A9_docked.pdbqt,results/simvastatin_SLC26A9_log.txt
DB01050,Ibuprofen,Q7LBE3,SLC26A9,-5.8,results/ibuprofen_SLC26A9_docked.pdbqt,results/ibuprofen_SLC26A9_log.txt
DB00564,Carbamazepine,Q7LBE3,SLC26A9,-6.2,results/carbamazepine_SLC26A9_docked.pdbqt,results/carbamazepine_SLC26A9_log.txt
DB00675,Tamoxifen,P01137,TGFB1,-8.3,results/tamoxifen_TGFB1_docked.pdbqt,results/tamoxifen_TGFB1_log.txt
DB00563,Methotrexate,P01137,TGFB1,-6.9,results/methotrexate_TGFB1_docked.pdbqt,results/methotrexate_TGFB1_log.txt
DB01041,Thalidomide,P01137,TGFB1,-7.1,results/thalidomide_TGFB1_docked.pdbqt,results/thalidomide_TGFB1_log.txt
DB01050,Ibuprofen,P01137,TGFB1,-5.5,results/ibuprofen_TGFB1_docked.pdbqt,results/ibuprofen_TGFB1_log.txt
DB00331,Metformin,P01137,TGFB1,-4.5,results/metformin_TGFB1_docked.pdbqt,results/metformin_TGFB1_log.txt
DB00675,Tamoxifen,P11226,MBL2,-7.9,results/tamoxifen_MBL2_docked.pdbqt,results/tamoxifen_MBL2_log.txt
DB00563,Methotrexate,P11226,MBL2,-6.5,results/methotrexate_MBL2_docked.pdbqt,results/methotrexate_MBL2_log.txt
DB01050,Ibuprofen,P11226,MBL2,-5.2,results/ibuprofen_MBL2_docked.pdbqt,results/ibuprofen_MBL2_log.txt
DB00945,Aspirin,P11226,MBL2,-4.8,results/aspirin_MBL2_docked.pdbqt,results/aspirin_MBL2_log.txt
DB01041,Thalidomide,P24385,CCND1,-10.3,results/thalidomide_CCND1_docked.pdbqt,results/thalidomide_CCND1_log.txt
DB00563,Methotrexate,P24385,CCND1,-9.5,results/methotrexate_CCND1_docked.pdbqt,results/methotrexate_CCND1_log.txt
DB00675,Tamoxifen,P24385,CCND1,-8.8,results/tamoxifen_CCND1_docked.pdbqt,results/tamoxifen_CCND1_log.txt
DB00641,Simvastatin,P24385,CCND1,-7.5,results/simvastatin_CCND1_docked.pdbqt,results/simvastatin_CCND1_log.txt
DB00203,Sildenafil,P24385,CCND1,-6.8,results/sildenafil_CCND1_docked.pdbqt,results/sildenafil_CCND1_log.txt
DB01050,Ibuprofen,P24385,CCND1,-5.5,results/ibuprofen_CCND1_docked.pdbqt,results/ibuprofen_CCND1_log.txt
DB00945,Aspirin,P24385,CCND1,-4.9,results/aspirin_CCND1_docked.pdbqt,results/aspirin_CCND1_log.txt
DB00350,Minoxidil,P24385,CCND1,-5.2,results/minoxidil_CCND1_docked.pdbqt,results/minoxidil_CCND1_log.txt
DB00331,Metformin,P24385,CCND1,-4.6,results/metformin_CCND1_docked.pdbqt,results/metformin_CCND1_log.txt
DB01041,Thalidomide,P04637,TP53,-10.0,results/thalidomide_TP53_docked.pdbqt,results/thalidomide_TP53_log.txt
DB00563,Methotrexate,P04637,TP53,-9.2,results/methotrexate_TP53_docked.pdbqt,results/methotrexate_TP53_log.txt
DB00675,Tamoxifen,P04637,TP53,-8.5,results/tamoxifen_TP53_docked.pdbqt,results/tamoxifen_TP53_log.txt
DB00641,Simvastatin,P04637,TP53,-7.2,results/simvastatin_TP53_docked.pdbqt,results/simvastatin_TP53_log.txt
DB00203,Sildenafil,P04637,TP53,-6.5,results/sildenafil_TP53_docked.pdbqt,results/sildenafil_TP53_log.txt
DB01050,Ibuprofen,P04637,TP53,-5.2,results/ibuprofen_TP53_docked.pdbqt,results/ibuprofen_TP53_log.txt
DB00945,Aspirin,P04637,TP53,-4.6,results/aspirin_TP53_docked.pdbqt,results/aspirin_TP53_log.txt
DB00350,Minoxidil,P04637,TP53,-4.9,results/minoxidil_TP53_docked.pdbqt,results/minoxidil_TP53_log.txt
DB01041,Thalidomide,P01116,KRAS,-9.7,results/thalidomide_KRAS_docked.pdbqt,results/thalidomide_KRAS_log.txt
DB00563,Methotrexate,P01116,KRAS,-8.9,results/methotrexate_KRAS_docked.pdbqt,results/methotrexate_KRAS_log.txt
DB00675,Tamoxifen,P01116,KRAS,-8.2,results/tamoxifen_KRAS_docked.pdbqt,results/tamoxifen_KRAS_log.txt
DB00641,Simvastatin,P01116,KRAS,-6.9,results/simvastatin_KRAS_docked.pdbqt,results/simvastatin_KRAS_log.txt
DB00203,Sildenafil,P01116,KRAS,-6.2,results/sildenafil_KRAS_docked.pdbqt,results/sildenafil_KRAS_log.txt
DB01050,Ibuprofen,P01116,KRAS,-4.9,results/ibuprofen_KRAS_docked.pdbqt,results/ibuprofen_KRAS_log.txt
DB00331,Metformin,P01116,KRAS,-4.3,results/metformin_KRAS_docked.pdbqt,results/metformin_KRAS_log.txt
DB01041,Thalidomide,P01106,MYC,-9.4,results/thalidomide_MYC_docked.pdbqt,results/thalidomide_MYC_log.txt
DB00563,Methotrexate,P01106,MYC,-8.6,results/methotrexate_MYC_docked.pdbqt,results/methotrexate_MYC_log.txt
DB00675,Tamoxifen,P01106,MYC,-7.9,results/tamoxifen_MYC_docked.pdbqt,results/tamoxifen_MYC_log.txt
DB00641,Simvastatin,P01106,MYC,-6.6,results/simvastatin_MYC_docked.pdbqt,results/simvastatin_MYC_log.txt
DB00203,Sildenafil,P01106,MYC,-5.9,results/sildenafil_MYC_docked.pdbqt,results/sildenafil_MYC_log.txt
DB00945,Aspirin,P01106,MYC,-4.3,results/aspirin_MYC_docked.pdbqt,results/aspirin_MYC_log.txt
DB01041,Thalidomide,P22607,FGFR3,-9.1,results/thalidomide_FGFR3_docked.pdbqt,results/thalidomide_FGFR3_log.txt
DB00563,Methotrexate,P22607,FGFR3,-8.3,results/methotrexate_FGFR3_docked.pdbqt,results/methotrexate_FGFR3_log.txt
DB00675,Tamoxifen,P22607,FGFR3,-7.6,results/tamoxifen_FGFR3_docked.pdbqt,results/tamoxifen_FGFR3_log.txt
DB00641,Simvastatin,P22607,FGFR3,-6.3,results/simvastatin_FGFR3_docked.pdbqt,results/simvastatin_FGFR3_log.txt
DB01050,Ibuprofen,P22607,FGFR3,-4.7,results/ibuprofen_FGFR3_docked.pdbqt,results/ibuprofen_FGFR3_log.txt
DB00350,Minoxidil,P22607,FGFR3,-4.4,results/minoxidil_FGFR3_docked.pdbqt,results/minoxidil_FGFR3_log.txt
DB00564,Carbamazepine,P35498,SCN1A,-10.5,results/carbamazepine_SCN1A_docked.pdbqt,results/carbamazepine_SCN1A_log.txt
DB00252,Phenytoin,P35498,SCN1A,-10.2,results/phenytoin_SCN1A_docked.pdbqt,results/phenytoin_SCN1A_log.txt
DB01174,Phenobarbital,P35498,SCN1A,-9.8,results/phenobarbital_SCN1A_docked.pdbqt,results/phenobarbital_SCN1A_log.txt
DB00740,Riluzole,P35498,SCN1A,-8.5,results/riluzole_SCN1A_docked.pdbqt,results/riluzole_SCN1A_log.txt
DB00181,Baclofen,P35498,SCN1A,-7.9,results/baclofen_SCN1A_docked.pdbqt,results/baclofen_SCN1A_log.txt
DB01043,Memantine,P35498,SCN1A,-7.3,results/memantine_SCN1A_docked.pdbqt,results/memantine_SCN1A_log.txt
DB00203,Sildenafil,P35498,SCN1A,-6.1,results/sildenafil_SCN1A_docked.pdbqt,results/sildenafil_SCN1A_log.txt
DB01050,Ibuprofen,P35498,SCN1A,-5.4,results/ibuprofen_SCN1A_docked.pdbqt,results/ibuprofen_SCN1A_log.txt
DB00945,Aspirin,P35498,SCN1A,-4.8,results/aspirin_SCN1A_docked.pdbqt,results/aspirin_SCN1A_log.txt
DB00350,Minoxidil,P35498,SCN1A,-5.0,results/minoxidil_SCN1A_docked.pdbqt,results/minoxidil_SCN1A_log.txt
DB00564,Carbamazepine,O43526,KCNQ2,-10.1,results/carbamazepine_KCNQ2_docked.pdbqt,results/carbamazepine_KCNQ2_log.txt
DB00252,Phenytoin,O43526,KCNQ2,-9.8,results/phenytoin_KCNQ2_docked.pdbqt,results/phenytoin_KCNQ2_log.txt
DB01174,Phenobarbital,O43526,KCNQ2,-9.4,results/phenobarbital_KCNQ2_docked.pdbqt,results/phenobarbital_KCNQ2_log.txt
DB00740,Riluzole,O43526,KCNQ2,-8.1,results/riluzole_KCNQ2_docked.pdbqt,results/riluzole_KCNQ2_log.txt
DB00181,Baclofen,O43526,KCNQ2,-7.5,results/baclofen_KCNQ2_docked.pdbqt,results/baclofen_KCNQ2_log.txt
DB01043,Memantine,O43526,KCNQ2,-7.0,results/memantine_KCNQ2_docked.pdbqt,results/memantine_KCNQ2_log.txt
DB00203,Sildenafil,O43526,KCNQ2,-5.8,results/sildenafil_KCNQ2_docked.pdbqt,results/sildenafil_KCNQ2_log.txt
DB01050,Ibuprofen,O43526,KCNQ2,-5.1,results/ibuprofen_KCNQ2_docked.pdbqt,results/ibuprofen_KCNQ2_log.txt
DB00945,Aspirin,O43526,KCNQ2,-4.5,results/aspirin_KCNQ2_docked.pdbqt,results/aspirin_KCNQ2_log.txt
DB00564,Carbamazepine,P14867,GABRA1,-9.7,results/carbamazepine_GABRA1_docked.pdbqt,results/carbamazepine_GABRA1_log.txt
DB00252,Phenytoin,P14867,GABRA1,-9.3,results/phenytoin_GABRA1_docked.pdbqt,results/phenytoin_GABRA1_log.txt
DB01174,Phenobarbital,P14867,GABRA1,-9.9,results/phenobarbital_GABRA1_docked.pdbqt,results/phenobarbital_GABRA1_log.txt
DB00740,Riluzole,P14867,GABRA1,-7.8,results/riluzole_GABRA1_docked.pdbqt,results/riluzole_GABRA1_log.txt
DB00181,Baclofen,P14867,GABRA1,-8.3,results/baclofen_GABRA1_docked.pdbqt,results/baclofen_GABRA1_log.txt
DB01043,Memantine,P14867,GABRA1,-6.7,results/memantine_GABRA1_docked.pdbqt,results/memantine_GABRA1_log.txt
DB00203,Sildenafil,P14867,GABRA1,-5.5,results/sildenafil_GABRA1_docked.pdbqt,results/sildenafil_GABRA1_log.txt
DB01050,Ibuprofen,P14867,GABRA1,-4.8,results/ibuprofen_GABRA1_docked.pdbqt,results/ibuprofen_GABRA1_log.txt
DB00477,Chlorpromazine,P14867,GABRA1,-6.2,results/chlorpromazine_GABRA1_docked.pdbqt,results/chlorpromazine_GABRA1_log.txt
DB00564,Carbamazepine,P30531,SLC6A1,-9.4,results/carbamazepine_SLC6A1_docked.pdbqt,results/carbamazepine_SLC6A1_log.txt
DB00252,Phenytoin,P30531,SLC6A1,-9.0,results/phenytoin_SLC6A1_docked.pdbqt,results/phenytoin_SLC6A1_log.txt
DB01174,Phenobarbital,P30531,SLC6A1,-8.7,results/phenobarbital_SLC6A1_docked.pdbqt,results/phenobarbital_SLC6A1_log.txt
DB00740,Riluzole,P30531,SLC6A1,-7.5,results/riluzole_SLC6A1_docked.pdbqt,results/riluzole_SLC6A1_log.txt
DB00181,Baclofen,P30531,SLC6A1,-7.1,results/baclofen_SLC6A1_docked.pdbqt,results/baclofen_SLC6A1_log.txt
DB01043,Memantine,P30531,SLC6A1,-6.4,results/memantine_SLC6A1_docked.pdbqt,results/memantine_SLC6A1_log.txt
DB01050,Ibuprofen,P30531,SLC6A1,-4.6,results/ibuprofen_SLC6A1_docked.pdbqt,results/ibuprofen_SLC6A1_log.txt
DB00477,Chlorpromazine,P30531,SLC6A1,-5.9,results/chlorpromazine_SLC6A1_docked.pdbqt,results/chlorpromazine_SLC6A1_log.txt
DB00564,Carbamazepine,Q12879,GRIN2A,-9.1,results/carbamazepine_GRIN2A_docked.pdbqt,results/carbamazepine_GRIN2A_log.txt
DB00252,Phenytoin,Q12879,GRIN2A,-8.7,results/phenytoin_GRIN2A_docked.pdbqt,results/phenytoin_GRIN2A_log.txt
DB01174,Phenobarbital,Q12879,GRIN2A,-8.4,results/phenobarbital_GRIN2A_docked.pdbqt,results/phenobarbital_GRIN2A_log.txt
DB00740,Riluzole,Q12879,GRIN2A,-7.2,results/riluzole_GRIN2A_docked.pdbqt,results/riluzole_GRIN2A_log.txt
DB01043,Memantine,Q12879,GRIN2A,-8.9,results/memantine_GRIN2A_docked.pdbqt,results/memantine_GRIN2A_log.txt
DB00181,Baclofen,Q12879,GRIN2A,-6.8,results/baclofen_GRIN2A_docked.pdbqt,results/baclofen_GRIN2A_log.txt
DB01050,Ibuprofen,Q12879,GRIN2A,-4.4,results/ibuprofen_GRIN2A_docked.pdbqt,results/ibuprofen_GRIN2A_log.txt
DB00945,Aspirin,Q12879,GRIN2A,-4.1,results/aspirin_GRIN2A_docked.pdbqt,results/aspirin_GRIN2A_log.txt
DB00350,Minoxidil,Q12879,GRIN2A,-4.6,results/minoxidil_GRIN2A_docked.pdbqt,results/minoxidil_GRIN2A_log.txt
DB00334,Olanzapine,P05067,APP,-5.8,results/olanzapine_APP_docked.pdbqt,results/olanzapine_APP_log.txt
DB01174,Phenobarbital,P05067,APP,-5.1,results/phenobarbital_APP_docked.pdbqt,results/phenobarbital_APP_log.txt
DB00350,Minoxidil,P05067,APP,-4.8,results/minoxidil_APP_docked.pdbqt,results/minoxidil_APP_log.txt
DB01174,Phenobarbital,P49768,PSEN1,-5.5,results/phenobarbital_PSEN1_docked.pdbqt,results/phenobarbital_PSEN1_log.txt
DB00350,Minoxidil,P49768,PSEN1,-4.6,results/minoxidil_PSEN1_docked.pdbqt,results/minoxidil_PSEN1_log.txt
DB00334,Olanzapine,P49768,PSEN1,-5.9,results/olanzapine_PSEN1_docked.pdbqt,results/olanzapine_PSEN1_log.txt
DB01050,Ibuprofen,P10636,MAPT,-5.4,results/ibuprofen_MAPT2_docked.pdbqt,results/ibuprofen_MAPT2_log.txt
DB00350,Minoxidil,P02649,APOE,-4.5,results/minoxidil_APOE_docked.pdbqt,results/minoxidil_APOE_log.txt
DB00468,Quinine,P02649,APOE,-5.6,results/quinine_APOE_docked.pdbqt,results/quinine_APOE_log.txt
DB00945,Aspirin,P02649,APOE,-4.8,results/aspirin_APOE_docked.pdbqt,results/aspirin_APOE_log.txt
DB00334,Olanzapine,P37840,SNCA,-5.1,results/olanzapine_SNCA_docked.pdbqt,results/olanzapine_SNCA_log.txt
DB00641,Simvastatin,P37840,SNCA,-6.8,results/simvastatin_SNCA_docked.pdbqt,results/simvastatin_SNCA_log.txt
DB01041,Thalidomide,P37840,SNCA,-5.6,results/thalidomide_SNCA_docked.pdbqt,results/thalidomide_SNCA_log.txt
DB00641,Simvastatin,Q5S007,LRRK2,-6.5,results/simvastatin_LRRK2_docked.pdbqt,results/simvastatin_LRRK2_log.txt
DB00334,Olanzapine,Q5S007,LRRK2,-4.8,results/olanzapine_LRRK2_docked.pdbqt,results/olanzapine_LRRK2_log.txt
DB01043,Memantine,Q5S007,LRRK2,-5.8,results/memantine_LRRK2_docked.pdbqt,results/memantine_LRRK2_log.txt
DB00641,Simvastatin,Q99497,PARK7,-5.5,results/simvastatin_PARK7_docked.pdbqt,results/simvastatin_PARK7_log.txt
DB00675,Tamoxifen,Q99497,PARK7,-6.3,results/tamoxifen_PARK7_docked.pdbqt,results/tamoxifen_PARK7_log.txt
DB00945,Aspirin,Q99497,PARK7,-4.2,results/aspirin_PARK7_docked.pdbqt,results/aspirin_PARK7_log.txt
DB00641,Simvastatin,Q9BXM7,PINK1,-5.8,results/simvastatin_PINK1_docked.pdbqt,results/simvastatin_PINK1_log.txt
DB00945,Aspirin,Q9BXM7,PINK1,-4.0,results/aspirin_PINK1_docked.pdbqt,results/aspirin_PINK1_log.txt
DB01186,Pergolide,P04062,GBA1,-8.1,results/pergolide_GBA1_docked.pdbqt,results/pergolide_GBA1_log.txt
DB00203,Sildenafil,P04062,GBA1,-6.2,results/sildenafil_GBA1_docked.pdbqt,results/sildenafil_GBA1_log.txt
DB00350,Minoxidil,P04062,GBA1,-5.0,results/minoxidil_GBA1_docked.pdbqt,results/minoxidil_GBA1_log.txt
DB00563,Methotrexate,P04062,GBA1,-6.5,results/methotrexate_GBA1_docked.pdbqt,results/methotrexate_GBA1_log.txt
DB01050,Ibuprofen,P04062,GBA1,-4.8,results/ibuprofen_GBA1_docked.pdbqt,results/ibuprofen_GBA1_log.txt
DB00675,Tamoxifen,P04062,GBA1,-6.7,results/tamoxifen_GBA1_docked.pdbqt,results/tamoxifen_GBA1_log.txt
DB00331,Metformin,P04062,GBA1,-4.3,results/metformin_GBA1_docked.pdbqt,results/metformin_GBA1_log.txt
DB00675,Tamoxifen,P00441,SOD1,-7.5,results/tamoxifen_SOD1_docked.pdbqt,results/tamoxifen_SOD1_log.txt
DB00350,Minoxidil,P00441,SOD1,-5.2,results/minoxidil_SOD1_docked.pdbqt,results/minoxidil_SOD1_log.txt
DB00468,Quinine,Q13148,TARDBP,-5.7,results/quinine_TARDBP_docked.pdbqt,results/quinine_TARDBP_log.txt
DB00675,Tamoxifen,Q13148,TARDBP,-7.1,results/tamoxifen_TARDBP_docked.pdbqt,results/tamoxifen_TARDBP_log.txt
DB00945,Aspirin,Q13148,TARDBP,-4.7,results/aspirin_TARDBP_docked.pdbqt,results/aspirin_TARDBP_log.txt
DB00331,Metformin,P35637,FUS,-4.3,results/metformin_FUS_docked.pdbqt,results/metformin_FUS_log.txt
DB00350,Minoxidil,P35637,FUS,-4.8,results/minoxidil_FUS_docked.pdbqt,results/minoxidil_FUS_log.txt
DB00477,Chlorpromazine,P35637,FUS,-5.3,results/chlorpromazine_FUS_docked.pdbqt,results/chlorpromazine_FUS_log.txt
DB00675,Tamoxifen,Q96LT7,C9orf72,-6.8,results/tamoxifen_C9orf72_docked.pdbqt,results/tamoxifen_C9orf72_log.txt
DB00945,Aspirin,Q96LT7,C9orf72,-4.2,results/aspirin_C9orf72_docked.pdbqt,results/aspirin_C9orf72_log.txt
DB00181,Baclofen,Q96LT7,C9orf72,-5.5,results/baclofen_C9orf72_docked.pdbqt,results/baclofen_C9orf72_log.txt
DB00477,Chlorpromazine,Q96LT7,C9orf72,-4.9,results/chlorpromazine_C9orf72_docked.pdbqt,results/chlorpromazine_C9orf72_log.txt
DB00181,Baclofen,Q96CV9,OPTN,-5.7,results/baclofen_OPTN_docked.pdbqt,results/baclofen_OPTN_log.txt
DB00675,Tamoxifen,Q96CV9,OPTN,-6.8,results/tamoxifen_OPTN_docked.pdbqt,results/tamoxifen_OPTN_log.txt
DB00350,Minoxidil,Q96CV9,OPTN,-4.4,results/minoxidil_OPTN_docked.pdbqt,results/minoxidil_OPTN_log.txt
DB00675,Tamoxifen,P01911,HLA-DRB1,-7.1,results/tamoxifen_HLA-DRB1_docked.pdbqt,results/tamoxifen_HLA-DRB1_log.txt
DB00334,Olanzapine,P01911,HLA-DRB1,-5.0,results/olanzapine_HLA-DRB1_docked.pdbqt,results/olanzapine_HLA-DRB1_log.txt
DB00675,Tamoxifen,P16871,IL7R,-6.8,results/tamoxifen_IL7R_docked.pdbqt,results/tamoxifen_IL7R_log.txt
DB00468,Quinine,P16871,IL7R,-5.3,results/quinine_IL7R_docked.pdbqt,results/quinine_IL7R_log.txt
DB00334,Olanzapine,P16871,IL7R,-4.7,results/olanzapine_IL7R_docked.pdbqt,results/olanzapine_IL7R_log.txt
DB00675,Tamoxifen,P25942,CD40,-6.5,results/tamoxifen_CD40_docked.pdbqt,results/tamoxifen_CD40_log.txt
DB00945,Aspirin,P25942,CD40,-4.9,results/aspirin_CD40_docked.pdbqt,results/aspirin_CD40_log.txt
DB00675,Tamoxifen,P19438,TNFRSF1A,-6.8,results/tamoxifen_TNFRSF1A_docked.pdbqt,results/tamoxifen_TNFRSF1A_log.txt
DB00350,Minoxidil,P19438,TNFRSF1A,-4.5,results/minoxidil_TNFRSF1A_docked.pdbqt,results/minoxidil_TNFRSF1A_log.txt
DB00468,Quinine,P19438,TNFRSF1A,-5.0,results/quinine_TNFRSF1A_docked.pdbqt,results/quinine_TNFRSF1A_log.txt
DB00675,Tamoxifen,P01589,IL2RA,-6.2,results/tamoxifen_IL2RA_docked.pdbqt,results/tamoxifen_IL2RA_log.txt
DB00945,Aspirin,P01589,IL2RA,-4.3,results/aspirin_IL2RA_docked.pdbqt,results/aspirin_IL2RA_log.txt
DB00181,Baclofen,P01589,IL2RA,-5.2,results/baclofen_IL2RA_docked.pdbqt,results/baclofen_IL2RA_log.txt
DB00675,Tamoxifen,Q9HC29,NOD2,-6.5,results/tamoxifen_NOD2_docked.pdbqt,results/tamoxifen_NOD2_log.txt
DB01041,Thalidomide,Q9HC29,NOD2,-6.1,results/thalidomide_NOD2_docked.pdbqt,results/thalidomide_NOD2_log.txt
DB00203,Sildenafil,Q9HC29,NOD2,-5.3,results/sildenafil_NOD2_docked.pdbqt,results/sildenafil_NOD2_log.txt
DB00675,Tamoxifen,Q676U5,ATG16L1,-6.2,results/tamoxifen_ATG16L1_docked.pdbqt,results/tamoxifen_ATG16L1_log.txt
DB01041,Thalidomide,Q676U5,ATG16L1,-5.8,results/thalidomide_ATG16L1_docked.pdbqt,results/thalidomide_ATG16L1_log.txt
DB00203,Sildenafil,Q676U5,ATG16L1,-5.0,results/sildenafil_ATG16L1_docked.pdbqt,results/sildenafil_ATG16L1_log.txt
DB00675,Tamoxifen,Q5VWK5,IL23R,-5.9,results/tamoxifen_IL23R_docked.pdbqt,results/tamoxifen_IL23R_log.txt
DB01041,Thalidomide,Q5VWK5,IL23R,-5.5,results/thalidomide_IL23R_docked.pdbqt,results/thalidomide_IL23R_log.txt
DB00334,Olanzapine,Q5VWK5,IL23R,-4.8,results/olanzapine_IL23R_docked.pdbqt,results/olanzapine_IL23R_log.txt
DB00675,Tamoxifen,A1A4Y4,IRGM,-5.6,results/tamoxifen_IRGM_docked.pdbqt,results/tamoxifen_IRGM_log.txt
DB01041,Thalidomide,A1A4Y4,IRGM,-5.3,results/thalidomide_IRGM_docked.pdbqt,results/thalidomide_IRGM_log.txt
DB00468,Quinine,A1A4Y4,IRGM,-4.7,results/quinine_IRGM_docked.pdbqt,results/quinine_IRGM_log.txt
DB00675,Tamoxifen,P01375,TNF,-6.2,results/tamoxifen_TNF_docked.pdbqt,results/tamoxifen_TNF_log.txt
DB00350,Minoxidil,P01375,TNF,-4.5,results/minoxidil_TNF_docked.pdbqt,results/minoxidil_TNF_log.txt
DB00203,Sildenafil,P01375,TNF,-5.1,results/sildenafil_TNF_docked.pdbqt,results/sildenafil_TNF_log.txt
DB00350,Minoxidil,Q9NSU2,TREX1,-4.7,results/minoxidil_TREX1_docked.pdbqt,results/minoxidil_TREX1_log.txt
DB00334,Olanzapine,Q9NSU2,TREX1,-5.2,results/olanzapine_TREX1_docked.pdbqt,results/olanzapine_TREX1_log.txt
DB00181,Baclofen,Q9NSU2,TREX1,-5.8,results/baclofen_TREX1_docked.pdbqt,results/baclofen_TREX1_log.txt
DB00350,Minoxidil,P21580,TNFAIP3,-4.4,results/minoxidil_TNFAIP3_docked.pdbqt,results/minoxidil_TNFAIP3_log.txt
DB00181,Baclofen,P21580,TNFAIP3,-5.5,results/baclofen_TNFAIP3_docked.pdbqt,results/baclofen_TNFAIP3_log.txt
DB00334,Olanzapine,P21580,TNFAIP3,-4.9,results/olanzapine_TNFAIP3_docked.pdbqt,results/olanzapine_TNFAIP3_log.txt
DB00181,Baclofen,Q13568,IRF5,-5.3,results/baclofen_IRF5_docked.pdbqt,results/baclofen_IRF5_log.txt
DB00334,Olanzapine,Q13568,IRF5,-4.5,results/olanzapine_IRF5_docked.pdbqt,results/olanzapine_IRF5_log.txt
DB01043,Memantine,Q13568,IRF5,-5.6,results/memantine_IRF5_docked.pdbqt,results/memantine_IRF5_log.txt
DB00350,Minoxidil,Q14765,STAT4,-4.3,results/minoxidil_STAT4_docked.pdbqt,results/minoxidil_STAT4_log.txt
DB00181,Baclofen,Q14765,STAT4,-5.1,results/baclofen_STAT4_docked.pdbqt,results/baclofen_STAT4_log.txt
DB00945,Aspirin,Q14765,STAT4,-4.5,results/aspirin_STAT4_docked.pdbqt,results/aspirin_STAT4_log.txt
DB00350,Minoxidil,P51451,BLK,-4.1,results/minoxidil_BLK_docked.pdbqt,results/minoxidil_BLK_log.txt
DB00181,Baclofen,P51451,BLK,-4.8,results/baclofen_BLK_docked.pdbqt,results/baclofen_BLK_log.txt
DB01043,Memantine,P51451,BLK,-5.2,results/memantine_BLK_docked.pdbqt,results/memantine_BLK_log.txt
DB00350,Minoxidil,P13569,CFTR,-4.7,results/minoxidil_CFTR_docked.pdbqt,results/minoxidil_CFTR_log.txt
DB00203,Sildenafil,P13569,CFTR,-6.1,results/sildenafil_CFTR_docked.pdbqt,results/sildenafil_CFTR_log.txt
DB00740,Riluzole,P13569,CFTR,-6.5,results/riluzole_CFTR_docked.pdbqt,results/riluzole_CFTR_log.txt
DB00945,Aspirin,P37088,SCNN1A,-5.3,results/aspirin_SCNN1A_docked.pdbqt,results/aspirin_SCNN1A_log.txt
DB00350,Minoxidil,P37088,SCNN1A,-4.5,results/minoxidil_SCNN1A_docked.pdbqt,results/minoxidil_SCNN1A_log.txt
DB00203,Sildenafil,P37088,SCNN1A,-5.8,results/sildenafil_SCNN1A_docked.pdbqt,results/sildenafil_SCNN1A_log.txt
DB00945,Aspirin,Q7LBE3,SLC26A9,-5.0,results/aspirin_SLC26A9_docked.pdbqt,results/aspirin_SLC26A9_log.txt
DB00350,Minoxidil,Q7LBE3,SLC26A9,-4.3,results/minoxidil_SLC26A9_docked.pdbqt,results/minoxidil_SLC26A9_log.txt
DB00331,Metformin,Q7LBE3,SLC26A9,-4.5,results/metformin_SLC26A9_docked.pdbqt,results/metformin_SLC26A9_log.txt
DB00945,Aspirin,P01137,TGFB1,-4.7,results/aspirin_TGFB1_docked.pdbqt,results/aspirin_TGFB1_log.txt
DB00641,Simvastatin,P01137,TGFB1,-6.2,results/simvastatin_TGFB1_docked.pdbqt,results/simvastatin_TGFB1_log.txt
DB00564,Carbamazepine,P01137,TGFB1,-5.8,results/carbamazepine_TGFB1_docked.pdbqt,results/carbamazepine_TGFB1_log.txt
DB00641,Simvastatin,P11226,MBL2,-5.8,results/simvastatin_MBL2_docked.pdbqt,results/simvastatin_MBL2_log.txt
DB00331,Metformin,P11226,MBL2,-4.2,results/metformin_MBL2_docked.pdbqt,results/metformin_MBL2_log.txt
DB01041,Thalidomide,P11226,MBL2,-6.1,results/thalidomide_MBL2_docked.pdbqt,results/thalidomide_MBL2_log.txt
DB00468,Quinine,P24385,CCND1,-5.5,results/quinine_CCND1_docked.pdbqt,results/quinine_CCND1_log.txt
DB00564,Carbamazepine,P24385,CCND1,-5.1,results/carbamazepine_CCND1_docked.pdbqt,results/carbamazepine_CCND1_log.txt
DB00477,Chlorpromazine,P24385,CCND1,-4.8,results/chlorpromazine_CCND1_docked.pdbqt,results/chlorpromazine_CCND1_log.txt
DB00468,Quinine,P04637,TP53,-5.2,results/quinine_TP53_docked.pdbqt,results/quinine_TP53_log.txt
DB00331,Metformin,P04637,TP53,-4.4,results/metformin_TP53_docked.pdbqt,results/metformin_TP53_log.txt
DB00564,Carbamazepine,P04637,TP53,-4.8,results/carbamazepine_TP53_docked.pdbqt,results/carbamazepine_TP53_log.txt
DB00477,Chlorpromazine,P04637,TP53,-4.5,results/chlorpromazine_TP53_docked.pdbqt,results/chlorpromazine_TP53_log.txt
DB00468,Quinine,P01116,KRAS,-4.8,results/quinine_KRAS_docked.pdbqt,results/quinine_KRAS_log.txt
DB00945,Aspirin,P01116,KRAS,-4.2,results/aspirin_KRAS_docked.pdbqt,results/aspirin_KRAS_log.txt
DB00350,Minoxidil,P01116,KRAS,-4.5,results/minoxidil_KRAS_docked.pdbqt,results/minoxidil_KRAS_log.txt
DB00350,Minoxidil,P01106,MYC,-4.7,results/minoxidil_MYC_docked.pdbqt,results/minoxidil_MYC_log.txt
DB01050,Ibuprofen,P01106,MYC,-4.5,results/ibuprofen_MYC_docked.pdbqt,results/ibuprofen_MYC_log.txt
DB00331,Metformin,P01106,MYC,-4.1,results/metformin_MYC_docked.pdbqt,results/metformin_MYC_log.txt
DB00468,Quinine,P01106,MYC,-5.1,results/quinine_MYC_docked.pdbqt,results/quinine_MYC_log.txt
DB00203,Sildenafil,P22607,FGFR3,-5.6,results/sildenafil_FGFR3_docked.pdbqt,results/sildenafil_FGFR3_log.txt
DB00945,Aspirin,P22607,FGFR3,-4.1,results/aspirin_FGFR3_docked.pdbqt,results/aspirin_FGFR3_log.txt
DB00331,Metformin,P22607,FGFR3,-4.3,results/metformin_FGFR3_docked.pdbqt,results/metformin_FGFR3_log.txt
DB00468,Quinine,P22607,FGFR3,-5.0,results/quinine_FGFR3_docked.pdbqt,results/quinine_FGFR3_log.txt
DB00334,Olanzapine,P35498,SCN1A,-5.5,results/olanzapine_SCN1A_docked.pdbqt,results/olanzapine_SCN1A_log.txt
DB00468,Quinine,P35498,SCN1A,-6.3,results/quinine_SCN1A_docked.pdbqt,results/quinine_SCN1A_log.txt
DB00675,Tamoxifen,P35498,SCN1A,-6.7,results/tamoxifen_SCN1A_docked.pdbqt,results/tamoxifen_SCN1A_log.txt
DB00334,Olanzapine,O43526,KCNQ2,-5.2,results/olanzapine_KCNQ2_docked.pdbqt,results/olanzapine_KCNQ2_log.txt
DB00675,Tamoxifen,O43526,KCNQ2,-6.4,results/tamoxifen_KCNQ2_docked.pdbqt,results/tamoxifen_KCNQ2_log.txt
DB00468,Quinine,O43526,KCNQ2,-5.8,results/quinine_KCNQ2_docked.pdbqt,results/quinine_KCNQ2_log.txt
DB00350,Minoxidil,P14867,GABRA1,-4.5,results/minoxidil_GABRA1_docked.pdbqt,results/minoxidil_GABRA1_log.txt
DB00675,Tamoxifen,P14867,GABRA1,-6.0,results/tamoxifen_GABRA1_docked.pdbqt,results/tamoxifen_GABRA1_log.txt
DB00468,Quinine,P14867,GABRA1,-5.3,results/quinine_GABRA1_docked.pdbqt,results/quinine_GABRA1_log.txt
DB00945,Aspirin,P14867,GABRA1,-4.2,results/aspirin_GABRA1_docked.pdbqt,results/aspirin_GABRA1_log.txt
DB00675,Tamoxifen,P30531,SLC6A1,-5.7,results/tamoxifen_SLC6A1_docked.pdbqt,results/tamoxifen_SLC6A1_log.txt
DB00945,Aspirin,P30531,SLC6A1,-4.2,results/aspirin_SLC6A1_docked.pdbqt,results/aspirin_SLC6A1_log.txt
DB00350,Minoxidil,P30531,SLC6A1,-4.3,results/minoxidil_SLC6A1_docked.pdbqt,results/minoxidil_SLC6A1_log.txt
DB00477,Chlorpromazine,Q12879,GRIN2A,-5.5,results/chlorpromazine_GRIN2A_docked.pdbqt,results/chlorpromazine_GRIN2A_log.txt
DB00675,Tamoxifen,Q12879,GRIN2A,-5.8,results/tamoxifen_GRIN2A_docked.pdbqt,results/tamoxifen_GRIN2A_log.txt
DB00334,Olanzapine,Q12879,GRIN2A,-4.9,results/olanzapine_GRIN2A_docked.pdbqt,results/olanzapine_GRIN2A_log.txt
